Material Class,Material Formula,Notes
Double Perovskite,Ba2AlBiO6,"No experimental synthesis papers found; only DFT studies (10.1016/j.matchemphys.2025.130911 — X2AlBiO6 X=Mg,Ca,Ba; Mater. Chem. Phys. 2025 342 130911; direct bandgap 1.3 eV for Ba variant); Sb analogue Ba2AlSbO6 also has no experimental synthesis (only DFT: direct bandgap 2.87 eV); Ba2AlNbO6 experimentally synthesized at 1150C; Al3+ (0.535 A) much smaller than Bi5+ (0.760 A) giving large size mismatch favorable for B-site ordering; tolerance factor ~0.99; likely feasible but untested; Bi5+ strong oxidizer requires special conditions"
Double Perovskite,Ba2AlSbO6,No solid-state synthesis papers found; only DFT studies exist; but Sr2AlSbO6 is experimentally confirmed (cubic Fm-3m) — Ba substitution should preserve structure; likely feasible
Double Perovskite,Ba2AlTaO6,No solid-state synthesis papers found; only DFT studies exist; but Ba2AlNbO6 is experimentally synthesized and Ba2InTaO6 is well-characterized — likely feasible by analogy
Double Perovskite,Ba2CeSnO6,Does not adopt ordered double perovskite structure; isovalent +4/+4 B-site cations form disordered solid solution
Double Perovskite,Ba2GaBiO6,[MARGINAL] No experimental synthesis papers found; no DFT studies found either; Sb analogue Ba2GaSbO6 also has no experimental synthesis (only DFT: direct bandgap 1.86 eV); Ba-Ga double perovskites systematically understudied; Ga3+ (0.620 A) smaller than Bi5+ (0.760 A) giving good size contrast for ordering; tolerance factor ~0.97; likely feasible by analogy with Ba2AlNbO6 and Ca2AlBiO6; Bi5+ oxidizer requires special conditions
Double Perovskite,Ba2GaNbO6,No solid-state synthesis papers found; only computational studies; but Ba2AlNbO6 is synthesized and Ga3+/Al3+ substitution is modest — likely feasible
Double Perovskite,Ba2GaSbO6,No solid-state synthesis papers found; DFT predicts stable cubic Fm-3m structure; Sr2AlSbO6 analogue confirmed experimentally — likely feasible
Double Perovskite,Ba2GaTaO6,[MARGINAL] No papers found at all (experimental or computational); complete absence from literature is a weak negative signal; Ba-Ga double perovskite series systematically unstudied; uncertain
Double Perovskite,Ba2HfCeO6,Does not adopt ordered double perovskite structure; isovalent +4/+4 B-site cations form disordered solid solution
Double Perovskite,Ba2HfSnO6,Does not adopt ordered double perovskite structure; isovalent +4/+4 B-site cations form disordered solid solution
Double Perovskite,Ba2ScTaO6,No solid-state synthesis papers found; only computational; but Ba2InTaO6 and Ba2SmTaO6 experimentally synthesized; Sc3+ (0.745 Å) close to In3+ (0.80 Å); Sr and Ca analogues exist — likely feasible
Double Perovskite,Ba2TiCeO6,Does not adopt ordered double perovskite structure; isovalent +4/+4 B-site cations form disordered solid solution
Double Perovskite,Ba2TiHfO6,Does not adopt ordered double perovskite structure; isovalent +4/+4 B-site cations form disordered solid solution
Double Perovskite,Ba2TiSnO6,Does not adopt ordered double perovskite structure; isovalent +4/+4 B-site cations form disordered solid solution
Double Perovskite,Ba2TiZrO6,Does not adopt ordered double perovskite structure; BaZr0.5Ti0.5O3 (BZT) is a well-studied disordered cubic perovskite (Pm-3m) relaxor ferroelectric
Double Perovskite,Ba2ZnTeO6,Does not adopt double perovskite structure at ambient pressure; forms 12R hexagonal phase with face-sharing octahedra; cubic double perovskite requires high-pressure synthesis (4 GPa/1000°C); ref: 10.1016/j.jssc.2015.11.028
Double Perovskite,Ba2ZrCeO6,Does not adopt ordered double perovskite structure; isovalent +4/+4 B-site cations form disordered solid solution
Double Perovskite,Ba2ZrHfO6,Does not adopt ordered double perovskite structure; isovalent +4/+4 B-site cations form disordered solid solution
Double Perovskite,Ba2ZrSnO6,Does not adopt ordered double perovskite structure; isovalent +4/+4 B-site cations form disordered solid solution
Double Perovskite,Bi2CaCeO6,Does not form perovskite; Ca2+ too large for B-site with Ce4+; Ce4+ redox-unstable; no evidence for any Bi(Ca0.5Ce0.5)O3
Double Perovskite,Bi2CaGeO6,[MARGINAL] No papers found but likely feasible; tolerance factor t=0.839 is better than confirmed Bi2CaTiO6 (t=0.825); Ge4+ (0.53 Å) is smaller than Ti4+ so avg B-site radius (0.765 Å) is more favorable for Ca2+ on B-site; expected to form disordered simple perovskite Bi(Ca0.5Ge0.5)O3 by analogy
Double Perovskite,Bi2CaHfO6,[MARGINAL] Does not form perovskite; Ca2+ (1.00 Å) too large for B-site when paired with Hf4+ (avg r_B=0.855 Å); no Bi(Ca0.5X)O3 reported for any X except Ti; tolerance factor ~0.81 too low
Double Perovskite,Bi2CaSnO6,[MARGINAL] Does not form perovskite; Ca2+ (1.00 Å) too large for B-site when paired with Sn4+ (avg r_B=0.845 Å); no Bi(Ca0.5X)O3 reported for any X except Ti; tolerance factor ~0.82 too low
Double Perovskite,Bi2CaTiO6,Does not adopt double perovskite structure; forms simple perovskite Bi(Ca0.5Ti0.5)O3 with mixed B-site; synthesized at ambient pressure (10.1016/j.ceramint.2017.11.194) but Ca2+ anomalously large for B-site
Double Perovskite,Bi2CaZrO6,[MARGINAL] Does not form perovskite; Ca2+ (1.00 Å) too large for B-site when paired with Zr4+ (avg r_B=0.860 Å); no Bi(Ca0.5X)O3 reported for any X except Ti; tolerance factor ~0.81 too low
Double Perovskite,Bi2MgCeO6,Does not form perovskite; Ce4+ (0.87 Å) redox-unstable; no Bi(Mg0.5Ce0.5)O3 reported in any context
Double Perovskite,Bi2MgGeO6,"[MARGINAL] No papers found; Bi(Mg0.5Ge0.5)O3 not reported as pure phase or solid solution component; La2MgGeO6 double perovskite exists so Ge4+ can occupy octahedral sites, but Bi-Ge perovskite combination is undemonstrated; feasibility uncertain"
Double Perovskite,Bi2MgHfO6,Does not adopt double perovskite structure; expected to form simple perovskite Bi(Mg0.5Hf0.5)O3 by analogy with Bi(Mg0.5Ti0.5)O3 and Bi(Mg0.5Zr0.5)O3
Double Perovskite,Bi2MgSnO6,Does not adopt double perovskite A2B'B''O6 structure; forms simple perovskite Bi(Mg0.5Sn0.5)O3 with disordered B-site; metastable — never reported as pure end-member by conventional solid-state synthesis; exists only as component in solid solutions (e.g. 10.1021/acssuschemeng.1c00303)
Double Perovskite,Bi2MgTiO6,Does not adopt double perovskite A2B'B''O6 structure; forms simple perovskite Bi(Mg0.5Ti0.5)O3 with disordered B-site; metastable phase requiring high-pressure synthesis (6 GPa) for pure product (10.1021/cm061129w); ambient-pressure synthesis yields non-stoichiometric or impure product
Double Perovskite,Bi2MgZrO6,Does not adopt double perovskite structure; forms simple perovskite Bi(Mg0.5Zr0.5)O3 with disordered B-site; pure end-member likely requires high-pressure synthesis; exists only in solid solutions
Double Perovskite,Bi2ZnCeO6,Does not form perovskite; Ce4+ (0.87 Å) redox-unstable; no Bi(Zn0.5Ce0.5)O3 reported in any context
Double Perovskite,Bi2ZnGeO6,"[MARGINAL] No papers found; Bi(Zn0.5Ge0.5)O3 not reported as pure phase or solid solution component; La2MgGeO6 exists so Ge4+ can occupy octahedral sites, but Bi-Ge perovskite combination is undemonstrated; feasibility uncertain"
Double Perovskite,Bi2ZnHfO6,Does not adopt double perovskite structure; expected to form simple perovskite Bi(Zn0.5Hf0.5)O3 by analogy with other Bi-based compositions
Double Perovskite,Bi2ZnSnO6,Does not adopt double perovskite structure; expected to form simple perovskite Bi(Zn0.5Sn0.5)O3 by analogy with Bi(Zn0.5Ti0.5)O3
Double Perovskite,Bi2ZnTiO6,Does not adopt double perovskite structure; forms simple perovskite Bi(Zn0.5Ti0.5)O3 (P4mm) with extreme tetragonal distortion c/a=1.211; requires high-pressure synthesis 6 GPa/900°C (10.1021/cm061085r)
Double Perovskite,Bi2ZnZrO6,Does not adopt double perovskite structure; expected to form simple perovskite Bi(Zn0.5Zr0.5)O3 by analogy with other Bi-based compositions
Double Perovskite,Ca2AlTaO6,No solid-state synthesis papers found; but Ca2AlSbO6 exists via sol-gel and Ca-based 3+/5+ double perovskites are well-established (e.g. Ca2CrSbO6) — likely feasible
Double Perovskite,Ca2CeSnO6,Does not adopt ordered double perovskite structure; isovalent +4/+4 B-site cations form disordered solid solution
Double Perovskite,Ca2GaBiO6,[MARGINAL] No experimental synthesis papers found; Sb5+ analogue Ca2GaSbO6 is not well documented either; Al analogue Ca2AlBiO6 synthesized by sol-gel (10.2478/s11696-013-0394-9); Ga3+ (0.620 A) is similar to Al3+ (0.535 A) but larger; tolerance factor ~0.88; likely feasible by sol-gel or solid-state given Ca2AlBiO6 success
Double Perovskite,Ca2GaSbO6,[MARGINAL] No papers found; Ca-Ga double perovskite series absent from literature; tolerance factor with Ca2+ may be borderline; uncertain
Double Perovskite,Ca2GaTaO6,[MARGINAL] No papers found; Ca-Ga double perovskite series systematically absent from literature; Ga3+ relatively small and tolerance factor with Ca2+ may be borderline; uncertain
Double Perovskite,Ca2HfCeO6,Does not adopt ordered double perovskite structure; isovalent +4/+4 B-site cations form disordered solid solution
Double Perovskite,Ca2HfSnO6,Does not adopt ordered double perovskite structure; isovalent +4/+4 B-site cations form disordered solid solution
Double Perovskite,Ca2InBiO6,"No experimental synthesis papers found; only DFT studies (10.1016/j.matchemphys.2025.130747 — A2InBiO6 A=Mg,Ca,Sr; widest bandgap in series); Sb analogue Ca2InSbO6 experimentally synthesized; Ba2InBiO6 known computationally (narrow bandgap 0.125 eV); In3+ (0.800 A) + Bi5+ (0.760 A) charge/size difference favorable for ordering; likely feasible"
Double Perovskite,Ca2LuBiO6,No experimental synthesis papers found; Sb analogue Ca2LuSbO6 experimentally synthesized (10.1021/acs.inorgchem.1c00932 — monoclinic P21/n); Ba2LuBiO6 and Sr2LuBiO6 both experimentally synthesized (10.1021/cm0486924); Lu3+ (0.861 A) similar to Sc3+ (0.745 A) and Y3+ (0.900 A); tolerance factor ~0.77; likely feasible given success of Sr2LuBiO6
Double Perovskite,Ca2MgMoO6,No solid-state synthesis papers found; but Ca2MgWO6 is extensively synthesized (P21/n) and Sr2MgMoO6 is well-known SOFC anode material; Mo6+/W6+ nearly identical in size — likely feasible
Double Perovskite,Ca2ScBiO6,"No experimental synthesis papers found; only DFT studies (10.1016/j.mssp.2024.108807 — X2ScBiO6 X=Mg,Ca,Ba; cubic Fm3m predicted; indirect bandgap 1.39 eV); Sr2ScBiO6 experimentally synthesized by solid-state at 850C (Kazin 2001); Sb analogue Ca2ScSbO6 well-known (monoclinic P21/n); tolerance factor reasonable; likely feasible"
Double Perovskite,Ca2TiCeO6,Does not adopt ordered double perovskite structure; isovalent +4/+4 B-site cations form disordered solid solution
Double Perovskite,Ca2TiHfO6,Does not adopt ordered double perovskite structure; isovalent +4/+4 B-site cations form disordered solid solution
Double Perovskite,Ca2TiSnO6,Does not adopt ordered double perovskite structure; isovalent +4/+4 B-site cations form disordered solid solution
Double Perovskite,Ca2TiZrO6,Does not adopt ordered double perovskite structure; forms disordered solid solution Ca(Ti0.5Zr0.5)O3 (orthorhombic Pbnm); isovalent +4/+4 B-site cations have no charge-ordering driving force; confirmed experimentally (10.1021/cm0523438)
Double Perovskite,Ca2YBiO6,"No experimental synthesis papers found; only DFT studies (10.1016/j.cplett.2025.141952 — A2YBiO6 A=Mg,Ca,Ba; tolerance factor 0.76; formation energy -5.83; bandgap 2.01 eV); Sb analogue Ca2YSbO6 well-known and widely used as phosphor host (solid-state 1300-1500C); Y3+ (0.900 A) large but tolerance factor still viable; likely feasible but may need high pressure or special oxidizing conditions for Bi5+"
Double Perovskite,Ca2ZnTeO6,No experimental synthesis papers found; tolerance factor t~0.945 favorable; Ca2ZnWO6 and Sr2ZnTeO6 analogues both confirmed; likely synthesizable at ~1100-1200°C with CaCO3+ZnO+TeO2
Double Perovskite,Ca2ZrCeO6,Does not adopt ordered double perovskite structure; isovalent +4/+4 B-site cations form disordered solid solution
Double Perovskite,Ca2ZrHfO6,Does not adopt ordered double perovskite structure; isovalent +4/+4 B-site cations form disordered solid solution
Double Perovskite,Ca2ZrSnO6,Does not adopt ordered double perovskite structure; isovalent +4/+4 B-site cations form disordered solid solution
Double Perovskite,La2CaCeO6,"No papers found; Ca2+ CAN occupy octahedral B-sites (La2CaSnO6 is confirmed), but Ca2+ (1.00 Å) and Ce4+ (0.87 Å) are too similar in size (0.13 Å difference) to drive B-site ordering — likely forms disordered perovskite rather than ordered double perovskite; Ce4+ also redox-unstable"
Double Perovskite,La2CaGeO6,"No papers found but likely feasible; Ca2+ occupies octahedral B-sites in confirmed La2CaSnO6 (P21/n), and La2MgGeO6 also exists; Ca2+/Ge4+ size contrast (1.00 vs 0.53 Å = 0.47 Å difference) is very large and should strongly drive B-site ordering; no specific synthesis attempted yet"
Double Perovskite,La2MgCeO6,"[MARGINAL] No papers found; Ce4+ does occupy octahedral B-sites in other double perovskites (Ba2CeSbO6, Sr2CeSbO6, Ba2CeWO6), but all confirmed cases use large Ba2+/Sr2+ A-site cations; with smaller La3+ on A-site feasibility is uncertain; Ce4+ also redox-unstable (tends to reduce to Ce3+); not yet attempted"
Double Perovskite,La2ZnCeO6,"[MARGINAL] No papers found; Ce4+ does occupy octahedral B-sites in other double perovskites (Ba2CeSbO6, Sr2CeSbO6), but all confirmed cases use large Ba2+/Sr2+ A-site cations; Zn2+ (0.74 Å) and Ce4+ (0.87 Å) size difference (0.13 Å) may be too small to drive B-site ordering; Ce4+ also redox-unstable; feasibility uncertain"
Double Perovskite,La2ZnGeO6,No papers found but likely feasible; tolerance factor t=0.959 (excellent); La2ZnTiO6 and La2ZnZrO6 confirmed with Zn2+ in octahedral B-site; La2MgGeO6 confirms La2-B-Ge framework; Zn2+ tetrahedral preference does not prevent octahedral occupancy in double perovskites (multiple La2Zn compounds exist); ZnGeO3 HP argument irrelevant for La2 framework
Double Perovskite,La2ZnHfO6,[MARGINAL] No papers found; La2ZnTiO6 exists but Hf4+ (0.71 Å) significantly larger than Ti4+ (0.605 Å) creating tolerance factor concerns; Zn2+ tetrahedral preference adds risk; uncertain
Double Perovskite,La2ZnSnO6,[MARGINAL] No papers found; La2ZnTiO6 exists but Sn4+ (0.69 Å) larger than Ti4+ (0.605 Å); Zn2+ tetrahedral preference a persistent concern; uncertain
Double Perovskite,Lu2CaCeO6,Does not form double perovskite; Ca2+ and Ce4+ both oversized for B-site with Lu3+ on A-site; tolerance factor t=0.720; Ce4+ also redox-unstable
Double Perovskite,Lu2CaGeO6,Does not form double perovskite; Ca2+ too large for B-site with Lu3+ on A-site; tolerance factor t=0.776 below any confirmed double perovskite
Double Perovskite,Lu2CaHfO6,Does not form double perovskite; Ca2+ too large for B-site with Lu3+ on A-site; tolerance factor t=0.745 far below any confirmed double perovskite
Double Perovskite,Lu2CaSnO6,Does not form double perovskite; Ca2+ too large for B-site with Lu3+ on A-site; tolerance factor t=0.749 far below any confirmed double perovskite
Double Perovskite,Lu2CaTiO6,Does not form double perovskite; Ca2+ too large for B-site with Lu3+ (smallest RE) on A-site; tolerance factor t=0.763 far below any confirmed double perovskite
Double Perovskite,Lu2CaZrO6,Does not form double perovskite; Ca2+ too large for B-site with Lu3+ on A-site; tolerance factor t=0.744 far below any confirmed double perovskite
Double Perovskite,Lu2MgCeO6,Does not form double perovskite; Ce4+ (0.87 Å) too large for B-site with small Lu3+ A-site; tolerance factor t=0.766; La analogue also unreported; Ce4+ redox-unstable
Double Perovskite,Lu2MgGeO6,No synthesis papers found; tolerance factor t=0.830 is favorable (above confirmed Lu2CoMnO6 at t=0.825); La2MgGeO6 analogue confirmed; likely feasible
Double Perovskite,Lu2MgHfO6,[MARGINAL] Does not form double perovskite; tolerance factor t=0.795 below all confirmed Lu double perovskites (lowest confirmed: Lu2CoCrO6 at t=0.808); no RE2MgHfO6 reported for any RE smaller than La
Double Perovskite,Lu2MgSnO6,[MARGINAL] Does not form double perovskite; tolerance factor t=0.799 below all confirmed Lu double perovskites (lowest confirmed: Lu2CoCrO6 at t=0.808); no RE2MgSnO6 reported for any RE smaller than La
Double Perovskite,Lu2MgTiO6,No synthesis papers found; tolerance factor t=0.815 above confirmed Lu2CoCrO6 (t=0.808); RE2MgTiO6 series confirmed for RE=Gd through Er; Lu variant likely feasible
Double Perovskite,Lu2MgZrO6,[MARGINAL] Does not form double perovskite; tolerance factor t=0.793 below any confirmed double perovskite with this B-site combination; no RE2MgZrO6 reported for any RE smaller than La
Double Perovskite,Lu2ZnCeO6,Does not form double perovskite; Ce4+ (0.87 Å) too large for B-site with small Lu3+ A-site; tolerance factor t=0.762; La analogue also unreported; Ce4+ redox-unstable
Double Perovskite,Lu2ZnGeO6,No synthesis papers found; tolerance factor t=0.826 comparable to confirmed Lu2CoMnO6 (t=0.825); likely feasible but no RE2ZnGeO6 confirmed for any RE
Double Perovskite,Lu2ZnHfO6,[MARGINAL] Does not form double perovskite; tolerance factor t=0.791 below all confirmed Lu double perovskites (lowest confirmed: Lu2CoCrO6 at t=0.808); no RE2ZnHfO6 reported for any RE
Double Perovskite,Lu2ZnSnO6,[MARGINAL] Does not form double perovskite; tolerance factor t=0.795 below all confirmed Lu double perovskites (lowest confirmed: Lu2CoCrO6 at t=0.808); no RE2ZnSnO6 reported for any RE
Double Perovskite,Lu2ZnTiO6,[MARGINAL] No synthesis papers found; tolerance factor t=0.811 just above confirmed Lu2CoCrO6 (t=0.808); marginal — may form but pushing stability limit
Double Perovskite,Lu2ZnZrO6,[MARGINAL] Does not form double perovskite; tolerance factor t=0.789 below confirmed Ho2ZnZrO6 (t=0.802); Ho is the smallest RE confirmed for this composition
Double Perovskite,Pb2AlBiO6,[MARGINAL] No experimental synthesis papers found; no DFT studies found; Pb2+ on A-site with Bi5+ on B-site is chemically problematic — Pb2+ 6s2 lone pair can reduce Bi5+ to Bi3+; no Pb2B'BiO6 compounds have been experimentally synthesized for any B'; Sb5+ analogue Pb2AlSbO6 also not reported; Al3+ (0.535 A) very small for double perovskite B-site with large Pb2+ A-site; tolerance factor likely >1.05; viability uncertain to poor
Double Perovskite,Pb2AlNbO6,[MARGINAL] No experimental synthesis found; Al3+ (0.535 Å) very small for B-site creating high tolerance factor; pyrochlore competing phase likely; Ba2AlNbO6 exists but Pb analogue unreported
Double Perovskite,Pb2AlSbO6,[MARGINAL] No experimental synthesis found; Al3+ (0.535 Å) and Sb5+ (0.60 Å) both very small for octahedral B-sites; extremely high tolerance factor likely favors non-perovskite phases
Double Perovskite,Pb2AlTaO6,[MARGINAL] No experimental synthesis found; same Al3+ size concern as Nb analogue; AlTaO4 precursor would need very high temperature
Double Perovskite,Pb2CaMoO6,Does not form double perovskite; Ca2+ (1.00 Å) too large for B-site when Pb2+ is on A-site; competing scheelite phases CaMoO4 + PbMoO4 thermodynamically favored
Double Perovskite,Pb2CaWO6,Does not form double perovskite; Ca2+ (1.00 Å) too large for B-site when Pb2+ is on A-site; would decompose to PbWO4 + CaO or CaWO4 + PbO; Ba2CaWO6 and Sr2CaWO6 exist because Ba/Sr are much larger A-site cations
Double Perovskite,Pb2CeSnO6,Does not adopt ordered double perovskite structure; isovalent +4/+4 B-site cations form disordered solid solution
Double Perovskite,Pb2GaBiO6,[MARGINAL] No experimental synthesis papers found; no DFT studies found; same Pb2+/Bi5+ redox incompatibility concern as Pb2AlBiO6; no Pb2B'BiO6 compounds experimentally known; Sb5+ analogue Pb2GaSbO6 also not reported; Ga3+ (0.620 A) small for B-site; viability uncertain to poor
Double Perovskite,Pb2GaNbO6,[MARGINAL] No experimental synthesis found; Ga3+ (0.620 Å) close to Fe3+ (0.645 Å) and Pb(Fe0.5Nb0.5)O3 is well-known; feasible but likely requires careful optimization to avoid pyrochlore
Double Perovskite,Pb2GaSbO6,[MARGINAL] No experimental synthesis found; Ga3+ (0.620 Å) and Sb5+ (0.60 Å) both relatively small; high tolerance factor may favor non-perovskite phases
Double Perovskite,Pb2GaTaO6,[MARGINAL] No experimental synthesis found; GaTaO4 precursor route would be needed; feasible by analogy with Pb2GaNbO6 assessment
Double Perovskite,Pb2HfCeO6,Does not adopt ordered double perovskite structure; isovalent +4/+4 B-site cations form disordered solid solution
Double Perovskite,Pb2HfSnO6,Does not adopt ordered double perovskite structure; isovalent +4/+4 B-site cations form disordered solid solution
Double Perovskite,Pb2InBiO6,[MARGINAL] No experimental synthesis papers found; no DFT studies found specifically for this compound; Sb5+ analogue Pb2InSbO6 not well documented; In3+ (0.800 A) close to Bi5+ (0.760 A) may reduce B-site ordering; Pb2+/Bi5+ redox concern persists; feasibility uncertain
Double Perovskite,Pb2InSbO6,[MARGINAL] No experimental synthesis found; In-containing Pb perovskites struggle with pyrochlore formation; Sb2O5 less thermally stable than Nb2O5; uncertain
Double Perovskite,Pb2LuBiO6,[MARGINAL] No experimental synthesis papers found; no DFT studies found; Lu3+ (0.861 A) larger than Bi5+ (0.760 A) — reasonable size difference for ordering; Pb2+/Bi5+ redox concern persists; Ba2LuBiO6 and Sr2LuBiO6 both experimentally known suggesting LuBi ordering is stable; replacing Ba/Sr with Pb introduces lone-pair distortion and redox risk; feasibility uncertain
Double Perovskite,Pb2LuSbO6,"No experimental synthesis found but likely viable; Pb2ScSbO6, Pb2YSbO6, Pb2TmSbO6 all confirmed; Lu3+ (0.861 Å) between Tm3+ and Yb3+; standard ceramic synthesis expected"
Double Perovskite,Pb2LuTaO6,No experimental synthesis found but likely viable; Lu3+ (0.861 Å) close to Yb3+ and In3+; LuTaO4 precursor exists; expect wolframite precursor + PbO route at ~1200-1400°C
Double Perovskite,Pb2ScBiO6,[MARGINAL] No experimental synthesis papers found; DFT-only study (10.1016/j.cplett.2022.139987 — Abraham et al. Chem. Phys. Lett. 2022 806 139987; described as 'new' compound; bandgap 2.171 eV by TB-mBJ; SLME 29.5%); Sb5+ analogue Pb2ScSbO6 experimentally synthesized by standard ceramic procedures (10.1039/b821688f — Alonso et al. Dalton Trans. 2009; Fm-3m; Pb2+ 6s lone pair causes off-center displacement); Bi5+ substitution for Sb5+ plausible given Pb2ScSbO6 exists but Bi5+ is harder to stabilize than Sb5+; feasibility moderate — may require oxidizing atmosphere or low-T route
Double Perovskite,Pb2TiCeO6,Does not adopt ordered double perovskite structure; isovalent +4/+4 B-site cations form disordered solid solution
Double Perovskite,Pb2TiHfO6,Does not adopt ordered double perovskite structure; isovalent +4/+4 B-site cations form disordered solid solution
Double Perovskite,Pb2TiSnO6,Does not adopt ordered double perovskite structure; isovalent +4/+4 B-site cations form disordered solid solution
Double Perovskite,Pb2TiZrO6,Does not adopt ordered double perovskite structure; PbZr0.5Ti0.5O3 (PZT) is the canonical disordered perovskite ferroelectric solid solution
Double Perovskite,Pb2YBiO6,[MARGINAL] No experimental synthesis papers found; no DFT studies found; Y3+ (0.900 A) much larger than Bi5+ (0.760 A) — large size difference favorable for ordering; but Pb2+/Bi5+ redox concern; Sb5+ analogue Pb2YSbO6 not well documented; tolerance factor reasonable; feasibility uncertain — redox stability is main concern
Double Perovskite,Pb2YNbO6,No experimental synthesis found but likely viable; Y3+ (0.900 Å) similar to Sc/In which form well-known Pb DPs; YNbO4 precursor known; expect ~1100-1200°C synthesis
Double Perovskite,Pb2YTaO6,No experimental synthesis found but likely viable; YTaO4 precursor known; by analogy with PST expect ~1200-1500°C; Pb(Yb0.5Ta0.5)O3 crystals grown from flux
Double Perovskite,Pb2ZnMoO6,[MARGINAL] No experimental synthesis found but plausible; Zn2+ (0.74 Å) nearly identical to Mg2+ (0.72 Å) and Pb2MgMoO6 is confirmed; ZnMoO4 precursor route recommended; expect ~900-1100°C
Double Perovskite,Pb2ZnTeO6,No experimental synthesis papers found; tolerance factor t~1.00 very favorable; Pb2MgTeO6 is well-known and Zn2+ (0.74 Å) similar to Mg2+ (0.72 Å); likely viable but unreported
Double Perovskite,Pb2ZrCeO6,Does not adopt ordered double perovskite structure; isovalent +4/+4 B-site cations form disordered solid solution
Double Perovskite,Pb2ZrHfO6,Does not adopt ordered double perovskite structure; isovalent +4/+4 B-site cations form disordered solid solution
Double Perovskite,Pb2ZrSnO6,Does not adopt ordered double perovskite structure; isovalent +4/+4 B-site cations form disordered solid solution
Double Perovskite,Sr2AlBiO6,No experimental synthesis papers found; Sb analogue Sr2AlSbO6 experimentally confirmed (cubic Fm-3m a=5.6058 A; 10.1016/j.jssc.2008.02.007); Al3+ (0.535 A) much smaller than Bi5+ (0.760 A) giving large charge/size difference favorable for B-site ordering; tolerance factor ~0.93; likely feasible by solid-state
Double Perovskite,Sr2AlNbO6,No experimental synthesis papers found; only DFT studies; but Sr2AlSbO6 and Ba2AlNbO6 are both experimentally confirmed — likely feasible
Double Perovskite,Sr2CeSnO6,Does not adopt ordered double perovskite structure; isovalent +4/+4 B-site cations form disordered solid solution
Double Perovskite,Sr2GaBiO6,No experimental synthesis papers found; Sb analogue Sr2GaSbO6 experimentally confirmed (tetragonal); Ga3+ (0.620 A) provides good charge/size contrast with Bi5+ (0.760 A); tolerance factor ~0.92; likely feasible by solid-state
Double Perovskite,Sr2HfCeO6,Does not adopt ordered double perovskite structure; isovalent +4/+4 B-site cations form disordered solid solution
Double Perovskite,Sr2HfSnO6,Does not adopt ordered double perovskite structure; isovalent +4/+4 B-site cations form disordered solid solution
Double Perovskite,Sr2InBiO6,No experimental synthesis papers found; only DFT studies (A2InBiO6 series; narrowest bandgap due to CBM lowering); Sb analogue Sr2InSbO6 well-known (bandgap 2.55 eV; used as phosphor host); In3+ (0.800 A) close to Bi5+ (0.760 A) may reduce ordering; Ba2InBiO6 studied computationally; tolerance factor ~0.90; likely feasible
Double Perovskite,Sr2TiCeO6,Does not adopt ordered double perovskite structure; isovalent +4/+4 B-site cations form disordered solid solution
Double Perovskite,Sr2TiHfO6,Does not adopt ordered double perovskite structure; isovalent +4/+4 B-site cations form disordered solid solution
Double Perovskite,Sr2TiSnO6,Does not adopt ordered double perovskite structure; isovalent +4/+4 B-site cations form disordered solid solution
Double Perovskite,Sr2TiZrO6,Does not adopt ordered double perovskite structure; isovalent +4/+4 B-site cations form disordered solid solution
Double Perovskite,Sr2YBiO6,No experimental synthesis papers found; only DFT study (10.1007/s10904-025-03710-x — indirect bandgap 2.15 eV; mechanically/dynamically stable; n=1.82); Sb analogue Sr2YSbO6 experimentally confirmed (used as phosphor host); Y3+ (0.900 A) large for Sr-based perovskite giving tolerance factor ~0.82; likely feasible
Double Perovskite,Sr2ZrCeO6,Does not adopt ordered double perovskite structure; isovalent +4/+4 B-site cations form disordered solid solution
Double Perovskite,Sr2ZrHfO6,Does not adopt ordered double perovskite structure; isovalent +4/+4 B-site cations form disordered solid solution
Double Perovskite,Sr2ZrSnO6,Does not adopt ordered double perovskite structure; isovalent +4/+4 B-site cations form disordered solid solution
Double Perovskite,Y2CaCeO6,Does not form double perovskite; Ca2+ (1.00 Å) and Ce4+ (0.87 Å) both oversized for B-site with small Y3+ A-site; tolerance factor t=0.733 far below any confirmed double perovskite; La analogue also unreported
Double Perovskite,Y2CaGeO6,[MARGINAL] Does not form double perovskite; Ca2+ too large for B-site with small Y3+ A-site; tolerance factor t=0.790; La analogue (La2CaGeO6) also unreported — Ca2+ too large for octahedral B-site even with La on A-site
Double Perovskite,Y2CaHfO6,Does not form double perovskite; Ca2+ too large for B-site with small Y3+ A-site; tolerance factor t=0.759 far below any confirmed double perovskite
Double Perovskite,Y2CaSnO6,Does not form double perovskite; Ca2+ too large for B-site with small Y3+ A-site; tolerance factor t=0.762 far below any confirmed double perovskite; La analogue exists (t=0.806) but Y substitution drops t too low
Double Perovskite,Y2CaTiO6,Does not form double perovskite; Ca2+ too large for B-site with small Y3+ A-site; tolerance factor t=0.777; La analogue (La2CaTiO6) also marginal
Double Perovskite,Y2CaZrO6,Does not form double perovskite; Ca2+ too large for B-site with small Y3+ A-site; tolerance factor t=0.757 far below any confirmed double perovskite
Double Perovskite,Y2MgCeO6,Does not form double perovskite; Ce4+ (0.87 Å) too large for B-site with small Y3+ A-site; tolerance factor t=0.779; La analogue (La2MgCeO6) also unreported — Ce4+ is redox-unstable and tends to reduce to Ce3+
Double Perovskite,Y2MgGeO6,No synthesis papers found; La2MgGeO6 analogue is confirmed; tolerance factor t=0.845 is actually the most favorable of all unconfirmed Y2B'B''O6 compositions (higher than confirmed Y2MgTiO6 at t=0.829); synthesis may require careful handling due to GeO2 volatility
Double Perovskite,Y2MgHfO6,[MARGINAL] No synthesis papers found; compound not reported in accessible literature
Double Perovskite,Y2MgSnO6,[MARGINAL] No synthesis papers found; compound does not appear in accessible literature; La2MgSnO6 analogue is known (10.3390/molecules27227697)
Double Perovskite,Y2MgZrO6,[MARGINAL] No synthesis papers found; La2MgZrO6 analogue is known (1450-1600°C) but Y-based variant not reported
Double Perovskite,Y2ZnCeO6,Does not form double perovskite; Ce4+ (0.87 Å) too large for B-site with small Y3+ A-site; tolerance factor t=0.776; La analogue (La2ZnCeO6) also unreported — Ce4+ is redox-unstable
Double Perovskite,Y2ZnGeO6,[MARGINAL] No synthesis papers found; compound not reported in accessible literature
Double Perovskite,Y2ZnHfO6,[MARGINAL] No synthesis papers found; compound not reported in accessible literature
Double Perovskite,Y2ZnSnO6,[MARGINAL] No synthesis papers found; compound not reported in accessible literature
Double Perovskite,Y2ZnTiO6,No synthesis papers found; Y2MgTiO6 analogue is known but Zn variant not reported
Double Perovskite,Y2ZnZrO6,No synthesis papers found; RE2ZrZnO6 known for RE=La/Dy/Ho (10.1088/1402-4896/ad3300) but not Y
Garnet,Ba3Al2Ge3O12,Does not form garnet structure; Ba2+ far too large for dodecahedral site
Garnet,Ba3Al2Si3O12,Does not form garnet structure; Ba2+ far too large for dodecahedral site in garnet
Garnet,Ba3Ga2Ge3O12,Does not form garnet structure; Ba2+ far too large for dodecahedral site
Garnet,Ba3Ga2Si3O12,Does not form garnet structure; Ba2+ far too large for dodecahedral site
Garnet,Ba3Sc2Ge3O12,Does not form garnet structure; Ba2+ far too large for dodecahedral site
Garnet,Ba3Sc2Si3O12,Does not form garnet structure; Ba2+ far too large for dodecahedral site
Garnet,Ca3Al2Si3O12,Grossular garnet exists as natural mineral at ambient pressure but is not stable above ~855°C at 1 atm — decomposes to wollastonite+gehlenite+anorthite; conventional high-temp solid-state synthesis not feasible; can be made by hydrothermal methods or high-pressure synthesis (6-15 GPa at ~1400°C); refs: 10.1038/ncomms13753; 10.1086/625736
Garnet,Ca3Ga2Ge3O12,Forms garnet but only synthesized by Czochralski melt growth (~1380°C mp); no conventional solid-state synthesis found (10.1016/0025-5408(77)90090-3)
Garnet,Ca3Ga2Si3O12,"No synthesis papers found but likely feasible; grossular (Ca3Al2Si3O12) exists as natural mineral at ambient pressure, and Ca3Sc2Si3O12 is routinely synthesized by solid-state reaction; Ga3+ (0.620 Å) is between Al3+ (0.535 Å) and Sc3+ (0.745 Å), placing it in the garnet stability window; Ca3Ga2Ge3O12 also confirmed"
Garnet,Ca3In2Ge3O12,No papers found but likely feasible; Ca3Y2Ge3O12 (Y 0.900 Å) and Ca3Sc2Ge3O12 (Sc 0.745 Å) both confirmed as garnet; In3+ (0.800 Å) is between them; Sr3In2Ge3O12 also confirmed
Garnet,Ca3In2Si3O12,No papers found; unlikely to form garnet — In3+ (0.800 Å) larger than Sc3+ (0.745 Å) which is the boundary for Ca-silicate garnets; Ca3Y2Si3O12 (Y 0.900 Å) already fails to form garnet
Garnet,Ca3Y2Si3O12,"Does not form garnet; adopts orthorhombic silico-carnotite structure (Pnma); Y3+ (0.900 Å) too large for octahedral B-site in Ca-silicate garnet; only Ca3Sc2Si3O12 (Sc 0.745 Å) forms garnet among Ca-RE silicates; refs: 10.1016/S1002-0721(08)60287-2, 10.1016/j.jlumin.2009.10.029"
Garnet,La3Al2Ga3O12,"Does not form garnet; Al3+ (0.535 Å) too small on octahedral site to expand lattice enough for La3+ (1.16 Å) on dodecahedral site; La requires Sc3+ or larger on octahedral site (Novak & Gibbs 1971, J. Solid State Chem. 6:21-28)"
Garnet,La3Ga2Al3O12,Does not form garnet; La3+ needs large B-site cations; Ga3+ (0.620 Å) too small on octahedral site to stabilize La; La3Al2Ga3O12 also does not form
Garnet,La3In2Al3O12,Does not form garnet; La3+ too large for A-site combined with small Al3+ on tetrahedral site; even La3Sc2Al3O12 is thermodynamically unstable
Garnet,La3In2Ga3O12,No papers found but plausible; La3Sc2Ga3O12 forms (Sc 0.745 Å on oct) so La3In2Ga3O12 (In 0.800 Å) should provide adequate lattice expansion; In2O3 volatility is a practical challenge
Garnet,La3Sc2Al3O12,Computationally predicted but thermodynamically unstable above ~685 K; decomposes to LaAlO3+Sc2O3 at synthesis temperatures (10.1016/j.commatsci.2024.113112)
Garnet,La3Sc2Ga3O12,Forms garnet but non-stoichiometric; La3+ does not fully occupy A-site; some Sc leaks to dodecahedral site (10.1016/S0022-4596(73)80034-9); no conventional solid-state recipe with full La occupancy
Garnet,Lu3Ga2Al3O12,"Does not form as ordered phase; same Ga tetrahedral preference as Y analogue; disordered Lu3(Al,Ga)5O12 exists but Ga predominantly occupies tet sites"
Garnet,Lu3In2Al3O12,[MARGINAL] No papers found; In3+ (0.800 Å) very large for compact Lu framework combined with small Al3+ tet; feasibility uncertain
Garnet,Lu3In2Ga3O12,No papers found but plausible; Y3In2Ga3O12 and Gd3In2Ga3O12 confirmed; Lu is smaller A-site but In+Ga combination works for larger RE
Garnet,Lu3Sc2Al3O12,"[MARGINAL] Full Sc3 endpoint not reported as single-phase garnet; partial Sc substitution in LuAG confirmed (e.g. Lu2.97Al4ScO12:Pr via sol-gel, 10.1016/j.ceramint.2024.08.041); full endpoint likely at stability boundary"
Garnet,Lu3Sc2Ga3O12,"No direct synthesis of exact stoichiometry but likely feasible; GSGG (Gd3Sc2Ga3O12) is commercially available; Lu-Sc-Ga garnet solid solutions confirmed (ACS Omega 2025, 10.1021/acsomega.5c01062)"
Garnet,Mg3Al2Ge3O12,No synthesis papers found; Mg2+ too small for dodecahedral site; not reported at ambient or high pressure
Garnet,Mg3Al2Si3O12,Pyrope garnet; requires high pressure (>1.6 GPa) for synthesis; not stable at ambient pressure; Mg2+ too small for dodecahedral site at 1 atm
Garnet,Mg3Ga2Ge3O12,No synthesis papers found; Mg2+ too small for dodecahedral site; compound not reported
Garnet,Mg3Ga2Si3O12,No synthesis papers found; Mg2+ too small for dodecahedral site; compound not reported
Garnet,Mg3Sc2Ge3O12,No synthesis papers found; Mg2+ too small for dodecahedral site; inverse garnet uncertain since Sc3+ may be too small for dodecahedral site
Garnet,Mg3Sc2Si3O12,No synthesis papers found; Mg2+ too small for dodecahedral site; compound not reported
Garnet,Sr3Al2Ge3O12,"Does not form garnet; Al3+ (0.535 Å) far too small on octahedral site for Sr2+ (1.26 Å) dodecahedral site; confirmed Sr germanate garnets all require large B-site cations (Sc 0.745 Å, Y 0.90 Å, Yb 0.87 Å); ref: Song et al. Acta Cryst. C 2019"
Garnet,Sr3Al2Si3O12,No synthesis papers found; Sr-based garnets exist only as germanates (not silicates); Si4+ gives too tight a framework for large Sr2+
Garnet,Sr3Ga2Ge3O12,Does not form garnet; Ga3+ (0.620 Å) still too small on octahedral site for Sr2+ dodecahedral; smallest confirmed Sr germanate garnet B-site is Sc3+ (0.745 Å); Ga well below this threshold
Garnet,Sr3Ga2Si3O12,No synthesis papers found; Si framework too small for Sr2+ with Ga on B-site
Garnet,Sr3In2Si3O12,Does not form garnet; no Sr-silicate garnets exist — Si4+ tetrahedral framework too small for Sr2+ dodecahedral site regardless of B-site cation
Garnet,Sr3Sc2Si3O12,"Does not form garnet structure; no Sr-silicate garnets exist for any B-site cation — Si4+ tetrahedral framework too small to accommodate Sr2+ on the dodecahedral site; all known Sr garnets are germanates (e.g. Sr3Sc2Ge3O12, Sr3Y2Ge3O12); ref: Song et al. Acta Cryst. C 2019 (garnet tolerance factor)"
Garnet,Sr3Y2Si3O12,Does not form garnet; no Sr-silicate garnets exist — Si4+ tetrahedral framework too small for Sr2+ dodecahedral site regardless of B-site cation
Garnet,Y3Ga2Al3O12,"Does not form as ordered phase; Ga3+ strongly prefers tetrahedral sites (~72% tet by NMR; Laguta et al. J. Phys. Chem. C 2016, 10.1021/acs.jpcc.6b08593); cannot force Ga-oct/Al-tet ordering; disordered Y3(Al,Ga)5O12 exists at this stoichiometry but with reversed site preference"
Garnet,Y3In2Al3O12,[MARGINAL] No papers found; In3+ (0.800 Å) on oct with Al3+ (0.39 Å tet) creates large size mismatch between sublattices; no precedent for In-oct + Al-tet in any garnet; feasibility uncertain
Ilmenite,BaCeO3,Does not adopt ilmenite structure; forms orthorhombic perovskite (Pnma); proton conductor
Ilmenite,BaGeO3,Does not adopt ilmenite structure; hexagonal pseudowollastonite at ambient with [GeO3]3 rings
Ilmenite,BaHfO3,Does not adopt ilmenite structure; forms cubic perovskite
Ilmenite,BaSiO3,Does not adopt ilmenite structure; orthorhombic structure at ambient; perovskite only at ~141 GPa
Ilmenite,BaSnO3,Does not adopt ilmenite structure; forms cubic perovskite
Ilmenite,BaTiO3,Does not adopt ilmenite structure; forms tetragonal perovskite (P4mm); iconic ferroelectric
Ilmenite,BaZrO3,Does not adopt ilmenite structure; forms cubic perovskite (Pm-3m)
Ilmenite,CaCeO3,Does not adopt ilmenite structure; forms orthorhombic perovskite (Pnma)
Ilmenite,CaGeO3,Does not adopt ilmenite structure; ambient form is triclinic wollastonite; transforms to garnet then perovskite at high pressure; never ilmenite
Ilmenite,CaHfO3,Does not adopt ilmenite structure; forms orthorhombic perovskite isostructural with CaZrO3
Ilmenite,CaSiO3,Does not adopt ilmenite structure; ambient form is wollastonite (chain silicate); perovskite only at ~13 GPa; never ilmenite
Ilmenite,CaSnO3,Does not adopt ilmenite structure; forms orthorhombic perovskite (Pbnm)
Ilmenite,CaTiO3,Does not adopt ilmenite structure; forms orthorhombic perovskite (Pbnm) — the original perovskite mineral; Ca2+ far too large for ilmenite A-site
Ilmenite,CaZrO3,Does not adopt ilmenite structure; forms orthorhombic perovskite (mineral lakargiite)
Ilmenite,MgCeO3,Does not exist as single phase; Ce4+ far too large for B-site in ilmenite with Mg; likely unstable against decomposition to MgO + CeO2
Ilmenite,MgGeO3,Does not adopt ilmenite structure at ambient pressure; requires high-pressure synthesis (~5 GPa at ~1100°C in multi-anvil press) from orthopyroxene precursor (10.2138/am-2021-7685); ambient form is orthopyroxene
Ilmenite,MgHfO3,Does not adopt ilmenite structure; expected perovskite like MgZrO3; Hf4+ ~Zr4+ in size
Ilmenite,MgSiO3,Does not adopt ilmenite structure at ambient pressure; MgSiO3-ilmenite (akimotoite) is a high-pressure polymorph stable at ~18-25 GPa; ambient-pressure form is enstatite/clinoenstatite (pyroxene); requires multi-anvil press synthesis
Ilmenite,MgSnO3,Does not adopt ilmenite (R-3) structure; ilmenite phase computed to be dynamically unstable for this composition; ambient-pressure bulk form is perovskite-type (Pnma); decomposes above ~800-1000°C
Ilmenite,MgZrO3,Does not adopt ilmenite structure; forms perovskite (Pm-3m); Zr4+ too large for ilmenite B-site with Mg
Ilmenite,PbCeO3,Does not adopt ilmenite structure; forms perovskite
Ilmenite,PbGeO3,Does not adopt ilmenite structure; likely pyroxene-like at ambient
Ilmenite,PbHfO3,Does not adopt ilmenite structure; forms orthorhombic perovskite (Pbam) isostructural with PbZrO3
Ilmenite,PbSiO3,Does not adopt ilmenite structure; forms monoclinic alamosite (P2/n); chain silicate
Ilmenite,PbSnO3,Does not adopt ilmenite structure; forms pyrochlore at ambient; perovskite only under high pressure
Ilmenite,PbTiO3,Does not adopt ilmenite structure; forms tetragonal perovskite (P4mm); ferroelectric
Ilmenite,PbZrO3,Does not adopt ilmenite structure; forms orthorhombic perovskite (Pbam); antiferroelectric
Ilmenite,SrCeO3,Does not adopt ilmenite structure; forms orthorhombic perovskite (Pnma); proton conductor
Ilmenite,SrGeO3,Does not adopt ilmenite structure; ambient form is pseudowollastonite; perovskite at ~6 GPa; never ilmenite
Ilmenite,SrHfO3,Does not adopt ilmenite structure; forms orthorhombic perovskite isostructural with SrZrO3
Ilmenite,SrSiO3,Does not adopt ilmenite structure; ambient form is pseudowollastonite (monoclinic C2/c); never ilmenite
Ilmenite,SrSnO3,Does not adopt ilmenite structure; forms orthorhombic perovskite (Pnma)
Ilmenite,SrTiO3,Does not adopt ilmenite structure; forms cubic perovskite (Pm-3m); Sr2+ far too large for ilmenite
Ilmenite,SrZrO3,Does not adopt ilmenite structure; forms orthorhombic perovskite (Pnma)
Ilmenite,ZnCeO3,Does not exist; Ce4+ far too large for ilmenite B-site; compound not reported
Ilmenite,ZnGeO3,Does not adopt ilmenite at ambient pressure; requires high-pressure synthesis; ambient form is clinopyroxene
Ilmenite,ZnHfO3,Does not adopt ilmenite structure; expected perovskite like ZnZrO3; Hf4+ ~Zr4+ in size
Ilmenite,ZnSiO3,Does not adopt ilmenite at ambient pressure; ilmenite only at ~10-12 GPa; ambient form is clinopyroxene (C2/c)
Ilmenite,ZnSnO3,Does not adopt ilmenite at ambient pressure; requires ~7 GPa for LiNbO3-type/ilmenite; decomposes at ambient to ZnO + SnO2
Ilmenite,ZnZrO3,Does not adopt ilmenite structure; forms perovskite (Pm-3m); Zr4+ too large for ilmenite B-site
Pyrochlore,Ba2Nb2O7,Does not exist as stable single phase; Ba2+ too large; Ba-Nb oxides form other compositions (e.g. BaNb2O6)
Pyrochlore,Ba2Ta2O7,Does not exist as stable single phase; Ba2+ too large; same issue as Ba2Nb2O7
Pyrochlore,Bi2Ce2O7,Does not adopt pyrochlore structure; rA/rB=1.34 too small; forms defect fluorite
Pyrochlore,Bi2Ge2O7,Does not adopt pyrochlore structure; rA/rB=2.21 far too large; adopts other crystal structure
Pyrochlore,Bi2Hf2O7,Forms pyrochlore but cannot be made by conventional solid-state synthesis of Bi2O3 + HfO2; requires coprecipitation followed by calcination at 700-950°C; exhibits alpha/beta/gamma/delta polymorphs at ~400/550/900°C; delta polymorph is ideal cubic pyrochlore (Fd-3m); decomposes at ~1000°C into HfO2 + Bi1.94Hf0.06O3.03 (beta-Bi2O3 structure); Bi volatility precludes high-temp solid-state routes; ref: 10.1021/cm062864a (Henderson et al. 2007)
Pyrochlore,Bi2Ti2O7,Forms pyrochlore but is metastable — cannot be made by conventional solid-state synthesis; requires coprecipitation from H2O2/NH3(aq) solutions of Ti with aqueous Bi(NO3)3; pure phase only obtainable within a few degrees of 470°C; decomposes to Bi4Ti3O12 + Bi2Ti4O11 above ~600°C; Li stabilization extends stability to 1100°C but changes composition; refs: 10.1016/S0022-4596(03)00378-5 (Hector & Wiggin 2004) and 10.1021/cm202154c (Esquivel-Elizondo et al. 2011)
Pyrochlore,Bi2Zr2O7,Forms metastable pyrochlore-like phase — cannot be made by conventional solid-state synthesis; requires EDTA-chelation of equimolar Zr4+/Bi3+ followed by calcination at 750°C/3h in air; product contains minor beta-Bi2O3 impurity; phase is metastable and decomposes at higher temperatures into ZrO2 + Bi1.84Zr0.16O3.08 (beta-Bi2O3 structure); ref: 10.1021/acs.inorgchem.8b02258
Pyrochlore,Ca2Nb2O7,Does not adopt pyrochlore structure; forms orthorhombic layered perovskite
Pyrochlore,Ca2Ta2O7,Does not adopt pyrochlore structure; forms layered perovskite isostructural with Ca2Nb2O7
Pyrochlore,La2Ce2O7,"Does not form pyrochlore structure — La2Ce2O7 adopts a disordered defect-fluorite structure (cubic, Fm-3m) with randomly distributed anion vacancies; pyrochlore superstructure peaks are absent or unresolvable; A/B site antisite disorder is not applicable as the cation sublattice is already disordered; refs: 10.3390/ma15114007 (solid-state synthesis at 1300–1400°C/6h in air confirmed) and 10.1103/PhysRevB.85.132101 (neutron/synchrotron confirmation of fluorite, not pyrochlore)"
Pyrochlore,La2Ge2O7,Does not form pyrochlore structure — La2Ge2O7 adopts a triclinic structure (space group P1) containing mixed Ge environments (trigermanate chains [Ge3O10] and isolated [GeO4] tetrahedra); cannot disorder via A/B antisite swapping like a pyrochlore; refs: 10.1016/j.ceramint.2020.02.133 and 10.1016/j.jlumin.2022.119295
Pyrochlore,Lu2Ce2O7,Does not adopt pyrochlore structure; rA/rB=1.12 far too small; forms defect fluorite
Pyrochlore,Lu2Ge2O7,Does not adopt pyrochlore structure; rA/rB=1.84 too large; adopts monoclinic structure
Pyrochlore,Lu2Hf2O7,Does not adopt pyrochlore structure; rA/rB=1.38 below stability window; forms defect fluorite
Pyrochlore,Lu2Sn2O7,Does not adopt pyrochlore structure; rA/rB=1.42 at/below boundary; forms defect fluorite
Pyrochlore,Lu2Zr2O7,Does not adopt pyrochlore structure; rA/rB=1.36 below stability window; forms defect fluorite
Pyrochlore,Pb2Nb2O7,Stoichiometric pyrochlore requires high-pressure synthesis (~6.5 GPa); at ambient pressure only defect pyrochlore Pb1.5Nb2O6.5 forms at 600-700°C (10.1021/ic50066a038)
Pyrochlore,Pb2Ta2O7,Stoichiometric pyrochlore requires high-pressure synthesis (~6.5 GPa); at ambient pressure only defect pyrochlore Pb1.5Ta2O6.5 forms (10.1021/ic50066a038)
Pyrochlore,Sr2Nb2O7,Does not adopt pyrochlore structure; forms well-known orthorhombic layered perovskite (Cmc21)
Pyrochlore,Sr2Ta2O7,Does not adopt pyrochlore structure; forms layered perovskite isostructural with Sr2Nb2O7
Pyrochlore,Y2Ce2O7,Does not adopt pyrochlore structure; rA/rB=1.17 far too small; forms defect fluorite
Pyrochlore,Y2Ge2O7,Does not adopt pyrochlore structure; rA/rB=1.92 too large; adopts monoclinic structure (P21/c)
Pyrochlore,Y2Hf2O7,Does not adopt pyrochlore structure; rA/rB=1.44 below stability window; forms defect fluorite
Pyrochlore,Y2Zr2O7,Does not adopt pyrochlore structure; rA/rB=1.42 below stability window; forms defect fluorite (disordered)
Spinel,MgSc2O4,"Does not form spinel; Sc3+ (0.745 Å) too large for octahedral site in Mg oxide spinel (compare MgAl2O4 Al3+=0.535 Å, MgGa2O4 Ga3+=0.620 Å); MgSc2X4 chalcogenides (X=S,Se) do form spinel but oxide does not; only limited Sc2O3 solubility in MgO periclase"
Spinel,ZnIn2O4,No solid-state synthesis papers found; existing ZnIn2O4 literature uses wet chemistry routes (hydrothermal)
Spinel,ZnSc2O4,Does not form spinel; Sc3+ (0.745 Å) too large for octahedral site in Zn oxide spinel; only DFT/computational studies exist (e.g. 10.1007/s11082-023-06056-1); no experimental synthesis reported
